album_id	album_name	album_type	album_weight
1	SremmLife 2 (Deluxe)	album	2
2	Closer	single	1
3	Starboy	single	3
4	Heathens	single	1
5	Encore	album	2
6	24K Magic	single	2
7	Dangerous Woman	album	5
8	Juju On That Beat (TZ Anthem)	single	1
9	Broccoli (feat. Lil Yachty) - Single	single	1
10	Don't Wanna Know	single	1
11	us	album	1
12	Cold Water	single	1
13	Illuminate (Deluxe)	album	2
14	Used to This	single	1
15	Cheap Thrills	single	1
16	TROLLS (Original Motion Picture Soundtrack)	album	1
17	Fake Love	single	1
18	Caroline	single	1
19	Starving	single	1
20	OOOUUU	single	1
21	The Greatest	single	1
22	Know-It-All (Deluxe)	album	3
23	Don't Let Me Down	single	1
24	low kii savage	album	1
25	VHS	album	3
26	Ripcord	album	2
27	This Is What You Came For	single	1
28	Blurryface	album	4
29	Chill Bill	single	1
30	Dig Your Roots	album	2
31	In the Name of Love	single	1
32	Views	album	18
33	Send My Love (To Your New Lover)	single	1
34	ANTI	album	4
35	Sucker For Pain (with Logic & Ty Dolla $ign feat. X Ambassadors)	single	1
36	Tiimmy Turner	single	1
37	Savage Mode	album	2
38	Sit Still, Look Pretty	album	2
39	Major Key	album	2
40	I Told You	album	2
41	Panda	single	1
42	All Time Low	single	1
43	Sneakinâ€™	single	1
44	Nine Track Mind	album	2
46	Coloring Book	album	2
47	You Should Be Here	album	2
48	Setting the World On Fire	single	1
49	Lil Boat	album	1
50	Pick up the Phone (Originally by Young Thug, Travis Scott and Quavo) [Karaoke Instrumental]	single	1
51	Brett Young EP	album	1
52	They Don't Know	album	2
53	Better Man	single	1
54	Kill The Lights (Deluxe)	album	5
55	My Way	single	1
56	PARTYNEXTDOOR 3 (P3)	album	1
59	Lil Uzi Vert Vs. The World	album	2
60	All We Know	single	1
61	Bounce Back	single	1
63	Meat and Candy	album	3
64	This Town	single	1
66	Love Me Now	single	1
67	The Life Of Pablo	album	9
68	Too Much Sauce	single	1
69	No Limit	single	1
70	Vice	single	1
71	Setting Fires	single	1
72	Storyteller	album	4
73	Bad Things	single	1
74	Illinois	album	2
75	Fresh Eyes	single	1
77	Wish Me Well 2	album	1
78	Fitz and The Tantrums	album	1
79	DC4	album	7
80	Say You Won't Let Go	single	1
81	A Pentatonix Christmas	album	1
82	PPAP (Pen Pineapple Apple Pen) [Long Version]	single	1
83	Ain't My Fault	single	1
84	What They Want	single	1
85	Truce - EP	album	1
86	Summer Forever	album	2
87	Selfish	single	1
88	Damn Country Music	album	2
89	Tangled Up (Deluxe)	album	1
90	Artist	album	1
91	HERO	album	2
92	The Fighters	album	2
93	All Eyez (feat. Jeremih)	single	1
94	Wishing (feat. Chris Brown, Skeme & Lyquin)	single	1
95	Wat U Mean (Aye, Aye, Aye)	single	1
96	Joanne (Deluxe)	album	3
97	Greenlight	single	1
99	Covers vol.1	single	1
100	Suicide Squad: The Album	album	2
101	Hymn For The Weekend (Seeb Remix)	single	1
104	Two Birds, One Stone	single	1
107	Shout Out to My Ex	single	1
109	Chantaje	single	1
111	Lady Wood	album	1
116	Say It	single	1
117	This Girl (Kungs Vs. Cookin' On 3 Burners)	single	1
118	Still Brazy (Deluxe)	album	1
119	CRZY	single	1
120	Lockjaw	single	1
121	Groovy People	album	1
122	Birds In The Trap Sing McKnight	album	1
123	For Free	single	1
124	7/27 (Deluxe)	album	3
125	False Alarm	single	1
126	Blow Your Mind (Mwah)	single	1
127	Black	album	2
128	THat Part	single	1
130	Fight Like Hell EP	album	1
131	Alone	single	1
132	Vinyl	album	1
133	I Got the Keys	single	1
134	"Just Like Fire (From the Original Motion Picture ""Alice Through The Looking Glass"")"	single	1
136	FMA	album	1
137	Today	single	1
139	The First Time	album	3
140	Oh My My	album	2
141	Forever Country	single	1
142	A Seat at the Table	album	2
143	EVOL	album	3
144	Montevallo	album	5
146	LIFTED	single	1
148	At Night, Alone.	album	1
149	Never Be Like You (feat. Kai)	single	1
151	Lukas Graham	album	2
152	Thank You (Deluxe)	album	2
153	Purple Lamborghini (with Rick Ross)	single	1
154	With You Tonight (Hasta El Amanecer)	single	1
155	Kinda Don't Care	album	1
156	No Shopping	single	1
160	Cancer	single	1
161	MY PYT	single	1
162	Grass Ain't Greener	single	1
164	Don't Mind	single	1
165	Rise	single	1
166	Deja Vu	single	1
167	Make Me... (feat. G-Eazy)	single	2
168	If I'm Honest	album	4
170	American Love	album	1
171	Sorry	single	1
172	From The Ground Up	single	1
173	Revival (Deluxe)	album	3
175	ANTI (Deluxe)	album	1
177	SWAAY	album	2
179	JEFFERY	album	1
180	Mr. Misunderstood	album	2
183	Purpose (Deluxe)	album	15
184	Blonde	album	5
189	Uber Everywhere	single	1
190	Hit or Miss	single	1
191	Girl Problems	album	1
193	Pop Style	single	1
195	JEKYLL + HYDE	album	4
196	No Money	single	1
197	Wasted Time	single	1
198	Chaos And The Calm	album	1
200	California Sunrise	album	1
202	All The Way Up (Remix) (feat. French Montana & Infared) - Single	single	1
203	Last Year Was Complicated	album	1
204	Wake Up	single	1
206	MY HOUSE	album	3
208	Lush Life	single	1
210	Brand New	album	1
214	Studio Remix Album: Greatest Hits, Vol. 9	album	1
215	DUELE EL CORAZON	single	1
216	Everybody Looking	album	1
217	Peace Is The Mission (Extended)	album	1
218	Lost Boy	single	1
219	Never Forget You	single	1
220	Ghostbusters (Original Motion Picture Soundtrack)	album	1
221	Body Say	single	1
223	M.I.L.F. $	single	1
224	Fighter	album	1
225	Ophelia	single	1
226	No Hard Feelings	album	1
227	Mind Of Mine (Deluxe Edition)	album	3
228	When It's Dark Out	album	3
229	Tangled Up	album	2
230	It's Summertime Fun & Sun	album	1
231	Noise	single	1
233	California	album	1
234	La Bicicleta	single	1
235	Cut It (feat. Young Dolph)	single	1
236	Late Nights: The Album	album	2
238	Immortalized	album	1
239	Messin' Around (w/ Enrique Iglesias)	single	1
242	Bobby Tarantino	album	1
243	Islah (Deluxe)	album	3
244	I'm Comin' Over	album	4
246	Zootopia (Original Motion Picture Soundtrack)	album	1
247	Champions	single	1
248	Dark Necessities	single	1
250	Humble And Kind	single	1
251	What the World Needs Now Is Love (Chris Cox Radio Mix)	single	1
252	Ain't No Stopping Us Now	single	1
254	T R A P S O U L	album	3
256	Sweatshirt	single	1
258	Up For Days	album	1
259	Faded	single	2
263	Nothing Is Promised	single	1
264	Where It's At	album	3
265	Above And BeyoncÃ© Dance Mixes	album	1
266	Hasta el Amanecer	single	1
268	The Art of Hustle (Deluxe)	album	2
269	Piece By Piece (Deluxe Version)	album	2
270	Moolah	single	1
271	Blue Neighbourhood (Deluxe)	album	1
272	My Boo (Ghost Town DJ's Fitness Version Dance remix)	single	1
273	If It Ain't Love	single	1
275	All The Way Up (feat. French Montana & Infared) - Single	single	NULL
277	The Complete Season 10 Collection (The Voice Performance)	album	4
283	Handwritten (Revisited)	album	4
284	Roses	single	1
292	Summer In The Winter	album	1
294	Ain't Your Mama	single	1
295	LEMONADE - EP	single	1
296	Rewind	album	2
297	Anything Goes	album	6
298	Team	single	1
300	Acoustic & Guitar Session Vol.2 Covers	album	1
302	Smooth Jazz All Stars Cover Beyonce	album	4
306	True Colors	single	1
308	Summer Sixteen	single	1
309	Purple Rain (Originally Performed by Prince & The Revolution) [Karaoke Version]	single	1
310	Lullaby Renditions of Prince	album	3
312	Kiss (In the Style of Prince & The Revolution) [Karaoke Version]	single	1
313	Let's Go Crazy (Originally Performed by Prince & The Revolution) [Karaoke Version]	single	1
315	Raspberry Beret (Originally Performed by Prince & The Revolution) [Karaoke Version]	single	1
316	I Would Die 4 U (Originally Performed by Prince & The Revolution) [Karaoke Version]	single	1
317	What A Time To Be Alive	album	11
319	Back To Sleep REMIX	single	1
321	New Level	single	1
323	Beauty Behind The Madness	album	11
324	Go Flex	single	1
325	I Don't Dance (Deluxe Edition)	album	3
327	Hello	single	4
330	New Romantics: Rock Tribute to Taylor Swift	single	1
332	Free TC	album	2
333	Chase Bryant	single	2
334	Might Be - Single	single	1
336	Jimmy Choo	single	1
338	Fast Car (Radio Edit)	single	1
340	Traveller	album	4
342	SUGAR	album	1
344	Death Of A Bachelor	album	4
346	When We Were Young	single	1
347	Best Friend	single	1
354	679 (feat. Remy Boyz)	single	1
357	Title (Deluxe)	album	4
358	White Iverson	single	1
360	Wildfire	album	2
362	Slime Season 3	album	2
365	Delirium (Deluxe)	album	3
366	This Is What The Truth Feels Like	album	2
371	Love Stuff	album	1
373	A Head Full Of Dreams	album	1
374	Remington	album	1
375	Something New	single	1
378	We Went	single	1
379	Break On Me	single	1
382	Watch Out	single	1
383	Everything Is 4	album	3
384	COLLEGROVE	album	1
385	Rodeo (Deluxe)	album	2
387	Furious 7: Original Motion Picture Soundtrack	single	3
389	Hello Friday (feat. Jason Derulo)	single	1
390	Made In The A.M. (Deluxe Edition)	album	8
391	Professional Rapper	album	1
392	Til It Happens To You	single	1
393	Walking On A Dream	album	1
395	Wildest Dreams (Taylor Swift Covers)	album	1
397	Mary Desmond Performance Tracks	album	2
398	Hollow	single	1
399	Look At My Dab	single	1
401	Uptown Special	album	1
404	Confident (Deluxe Edition)	album	2
405	Stay A Little Longer	single	1
406	25	album	3
407	Magazines Or Novels (Deluxe Edition)	album	1
408	Listen Again	album	1
409	Irresistible	single	1
411	Dessert	single	1
412	Watch Me (Whip / Nae Nae)	single	1
414	Bake Sale (feat. Travis Scott)	single	1
415	Die a Happy Man	single	1
416	WTF (Where They From) [feat. Pharrell Williams]	single	1
417	Whisper	single	1
418	The Fix (feat. Jeremih)	single	1
419	2014 Forest Hills Drive	album	3
420	Fetty Wap (Deluxe)	album	5
422	Moonshine in the Trunk	album	4
423	#AndSeeThatsTheThing	album	1
425	Alive	single	1
426	Dark Sky Paradise	album	6
427	I Got The Boy	single	1
429	Focus	single	1
430	Old Boots, New Dirt	album	6
432	Bottom of the Bottle (feat. August Alsina & Lil Wayne)	single	1
433	Locked Away	single	1
435	BADLANDS	album	1
437	x (Wembley Edition)	album	2
438	Right Hand	single	1
439	SremmLife	album	6
440	Lean and Dabb	single	1
441	Ginza	single	1
443	Blackstar	album	2
444	David Bowie (aka Space Oddity) [2015 Remastered Version]	album	1
445	Hot Space (Deluxe Remastered Version)	album	1
448	BRINGING BACK THE SUNSHINE	album	4
451	DS2 (Deluxe)	album	5
452	Skrillex and Diplo present Jack Ãœ	album	1
453	This Unruly Mess I've Made	album	1
456	Hit the Quan	single	1
457	Untamed	album	1
459	Royalty (Deluxe Version)	album	3
464	Merry Christmas	album	1
465	Rockin' Around The Christmas Tree/The Decca Christmas Recordings	album	1
466	The Christmas Song	album	1
467	Christmas Number 1's	album	1
468	Hallelujah	single	1
470	The Complete Season 9 Collection (The Voice Performance)	album	9
471	Good For You	single	1
472	Cheerleader (Felix Jaehn Remix Radio Edit)	single	1
473	Drag Me Down	single	1
476	Back To Back	single	1
477	Where It All Began	album	1
483	Feels Like Carolina	album	3
486	Black Market (Deluxe)	album	1
490	x (Deluxe Edition)	album	6
491	How Deep Is Your Love	single	1
495	PSY 7TH ALBUM	album	1
496	Madi Anne Davis	album	1
497	Cole Swindell	album	4
501	HAIZ	single	1
515	TALKING IS HARD	album	2
518	Writing's On The Wall	single	1
521	Only Way Is Up (Deluxe)	album	1
522	The Big Revival	album	4
526	Hold My Hand	single	1
527	Nick Jonas X2	album	3
528	Thriller 25 Super Deluxe Edition	album	2
530	Dreams Worth More Than Money	album	5
533	V	album	4
534	Some Type Of Love	single	1
535	Take Me Home: Yearbook Edition	album	5
536	Chapter 1 - EP	album	1
537	Ignite the Night	album	2
538	Nothing But Trouble (Instagram Models)	single	1
539	Powerful (Remixes)	album	1
540	100 (feat. Drake)	single	1
541	Flex (Ooh, Ooh, Ooh) - Single	single	1
542	Reflection (Deluxe)	album	3
543	Lose My Mind	single	1
545	John Cougar, John Deere, John 3:16	single	1
548	Pentatonix (Deluxe Version)	album	1
549	"Earned It (Fifty Shades Of Grey) [From The ""Fifty Shades Of Grey"" Soundtrack]"	single	1
550	Bad Blood - Tribute to Taylor Swift and Kendrick Lamar	single	1
551	Forgiveness (w/ Enrique Iglesias)	single	1
553	Start Here	album	2
555	I like it when you sleep, for you are so beautiful yet so unaware of it	album	1
556	American Beauty/American Psycho	album	3
557	Planes (Originally Performed By Jeremih feat. J. Cole) [Instrumental Version] - Single	single	1
558	Buy Me A Boat	single	1
561	Andrew McMahon In The Wilderness	album	1
562	The Original High (Deluxe Version)	album	1
563	Hold Each Other	single	1
565	Black Magic	single	1
568	Classic Man	single	1
569	Magazines Or Novels	album	1
570	Crash And Burn	single	1
571	Runnin' (Lose It All)	single	1
573	To Pimp A Butterfly	album	6
575	Post To Be (feat. Chris Brown & Jhene Aiko)	single	1
578	Sounds Good Feels Good (Deluxe)	album	3
579	Trigga Reloaded	album	4
580	Real Life	single	1
581	Unbreakable Smile	album	2
582	Cloud Nine	album	1
586	Beautiful Now (Lophiile Remix)	single	1
588	Descendants (Original TV Movie Soundtrack)	album	2
589	Burn Slow (feat. Rae Sremmurd)	single	1
590	Do It Again	single	1
593	Omen (Radio Edit)	single	1
595	The Pinkprint (Deluxe)	album	7
596	Listen (Deluxe)	album	2
597	El PerdÃ³n (w/ Enrique Iglesias)	single	1
598	Roots	single	1
600	Sunshine & Whiskey	album	3
602	Bitch Better Have My Money	single	1
604	Nasty Freestyle	single	1
605	Straight Outta Compton	album	1
606	N.W.A. And Their Family Reunion	album	1
607	Be Real	single	1
609	Kiss You In The Morning	single	1
610	Just As I Am (Platinum Edition)	album	4
611	Honeymoon	album	1
612	Wild Ones (Deluxe)	album	1
613	Queen Of The Clouds (Blueprint Edition)	album	2
614	The Outsiders	album	5
617	Globalization	album	3
618	How Many Times	single	1
620	You Know You Like It	single	1
623	GO:OD AM	album	1
626	Charged Up	single	1
627	Bronco	album	1
628	This Summer's Gonna Hurt Like a Motherfr**	single	1
630	The Album About Nothing	album	1
631	Good Thing	single	1
632	Pain Killer	album	2
633	1000 Forms Of Fear	album	2
634	Shake It Off (Orig. by Taylor Swift)	single	1
635	No Sleeep (feat. J. Cole)	single	1
636	Not An Apology	album	1
638	Talking Dreams (Deluxe Version)	album	2
639	Southpaw (Music From And Inspired By The Motion Picture)	album	2
640	Yoga	single	1
641	Back It Up (Spanish Version)	single	1
642	In The Lonely Hour	album	4
643	About To Get Real	album	1
647	Jackie (Deluxe)	album	1
648	Somebody	single	1
649	Style	single	1
651	Greatest Hits: Decade #1	album	3
652	Emotion	album	1
655	Special Effects	album	1
657	We're All Somebody From Somewhere	album	1
659	Sundown Heaven Town (Deluxe Edition)	album	1
660	Southernality	album	1
661	Brother	single	1
662	Wanted On Voyage	album	1
663	Lullaby Renditions of Taylor Swift	album	6
664	Coffee	single	1
665	If You're Reading This It's Too Late	album	10
666	"Flashlight (From ""Pitch Perfect 2"" Soundtrack)"	single	1
668	My Everything (Deluxe)	album	5
669	No Sleeep	single	NULL
672	I Need Your Love	single	1
673	Bitch I'm Madonna	single	1
674	Pretty Girls	single	1
675	Barter 6	album	1
677	In The Lonely Hour (Drowning Shadows Edition)	album	1
678	Breathe In. Breathe Out.	album	1
679	Wilder Mind	album	1
680	Luca Brasi 2: Gangsta Grillz	album	1
681	Flicka Da Wrist	single	1
682	Nasty The Album	album	1
686	All Day	single	1
687	I Want You To Know (Lophiile Remix)	single	1
688	AT.LONG.LAST.A$AP	album	3
691	Adonis	single	1
692	Truffle Butter	single	1
693	FourFiveSeconds	single	1
695	You Changed Me	single	1
696	Money Sucks, Friends Rule	album	1
697	All About That Bass	single	1
700	I Bet	single	1
702	Fuse (Deluxe Edition)	album	2
703	The Complete Season 8 Collection (The Voice Performance)	album	9
705	Hozier	album	1
706	Fan of A Fan The Album (Deluxe Version)	album	1
709	Eric Paslay	album	2
710	Spring Break...Checkin' Out	album	1
713	Suffer in Peace	album	1
714	Geronimo	single	1
715	RISER	album	2
716	Grand Romantic	album	1
717	American Idol Season 14: Best Of Nick Fradiani	album	1
722	American Oxygen	single	1
727	#1 to Infinity	album	1
730	I Don't Mind	single	1
731	Dream Your Life Away (Special Editon)	album	1
733	Motion	album	3
734	Platinum	album	3
737	Reclassified	album	1
742	A.M.	album	3
743	Bills	single	1
744	It's The Hits! 2014 Vol.19	album	1
746	House Of The Rising Sun (The Voice Performance)	single	1
748	BEYONCÃ‰ [Platinum Edition]	album	5
749	Southern Style (Deluxe)	album	1
752	Ludaversal	album	1
753	Goodbye	single	1
755	FOUR (Deluxe)	album	6
756	Non-Fiction (Deluxe)	album	1
757	Smoke + Mirrors	album	1
758	CoCo	single	1
760	Crash My Party	album	6
761	Dark Before Dawn	album	1
763	Mr. Wonderful	album	1
765	It Goes Like This	album	4
769	Bring You Back	album	3
771	For You	album	2
772	Original Soundtrack from Season 1 of Empire (Deluxe)	album	3
774	Native	album	5
777	The Hunger Games: Mockingjay Pt. 1 (Original Motion Picture Score)	album	1
778	Ghost	single	1
779	Sweet Talker (Deluxe Version)	album	3
781	Days of Gold	album	3
784	How Country Feels	album	4
786	Adore	single	1
787	Monster	single	2
789	Try Me	single	1
790	Not For Long (feat. Trey Songz)	single	1
791	Glory (From the Motion Picture Selma)	single	1
793	First Kiss	album	1
796	You Are In Love (A Tribute to Taylor Swift)	single	1
797	Stuck On a Feeling	single	1
798	Only One	single	1
801	Tuesday (feat. Drake)	single	1
803	Lullaby Renditions of Taylor Swift's Blank Space and Wonderland	single	1
808	How Big, How Blue, How Beautiful (Deluxe)	album	1
809	Shots EP	single	1
810	The Body (feat. Jeremih)	single	1
814	Forever	album	1
816	Sundown Heaven Town	album	1
817	Fifty Shades Of Grey (Original Motion Picture Soundtrack)	album	1
818	Nostalgia	album	1
820	Karaoke - R&B/Hip-Hop March 2003	album	1
821	"Karaoke, In The Style Of Missy ""Misdemeanor"" Elliott, Vol. 1"	album	1
822	Waves (Robin Schulz Radio Edit)	single	1
823	Body Language	single	1
825	L.A.LOVE (la la)	single	1
826	Handwritten	album	1
827	God Made Girls	single	1
828	Hotel	single	1
830	Out The Speakers	single	1
831	These Things Happen	album	1
832	Rude	single	1
833	People Keep Talking	album	1
836	Can't Stop Dancin'	single	1
840	The New Classic	album	2
842	Hot Boy	single	1
844	I Changed A Lot (Deluxe)	album	1
845	No Love (Remix)	single	1
846	Stolen Dance	album	1
847	Rather Be (feat. Jess Glynne)	single	1
848	Somewhere In My Car	single	1
850	Best Friends (A Tribute to Sophia Grace)	single	1
851	Blank Space	single	1
853	Talk Dirty	album	5
855	Lifestyle	single	1
856	Gypsy Heart	album	1
858	Black Star Elephant	album	1
860	Yellow Flicker Beat (From The Hunger Games: Mockingjay Part 1)	single	1
861	Santa Tell Me	single	1
862	That's Christmas To Me (Deluxe Edition)	album	1
865	Break The Rules	single	1
867	"Shell Shocked (feat. Kill The Noise & Madsonik) [From ""Teenage Mutant Ninja Turtles""]"	single	1
869	The Complete Season 7 Collection (The Voice Performance)	album	9
870	My Babyâ€™s Got A Smile On Her Face	single	1
872	About the Money	single	1
874	Lost Without U (The Voice Performance)	single	1
876	Lost Stars (The Voice Performance)	single	1
879	Fireball	single	1
881	X (Deluxe Version)	album	4
886	Have Yourself A Merry Little Christmas	single	1
887	Come Join the Murder (From Sons of Anarchy)	single	1
890	0 To 100 / The Catch Up	single	1
892	Gravity	album	1
894	See You Tonight	album	2
895	i	single	1
896	Royals (The Voice Performance)	single	1
898	Fancy	single	1
899	Guts Over Fear	single	1
902	PRISM (Deluxe)	album	6
903	Baby Don't Lie	single	1
905	Love In The Future	album	2
906	SEX AND LOVE (Deluxe)	album	4
907	Boom Clap	single	1
908	Despicable Me 2 (Original Motion Picture Soundtrack)	compilatio	1
909	Do They Know Its Christmas 2014 (Remixes)	single	1
911	Holiday Wishes	album	1
913	5 Seconds Of Summer	album	6
916	Blacc Hollywood (Deluxe)	album	2
917	Am I Wrong	single	1
923	No Label II	album	2
924	Bobby Bitch	single	1
925	No Sound Without Silence	album	1
926	Go Mode	album	1
928	Secrets	single	1
930	Settle	album	1
931	No Mediocre	single	1
933	Hungry Ghosts	album	1
936	Ghost Stories	album	3
938	Sound Of A Woman	album	1
939	Hookah	single	1
941	U Guessed It (feat. 2 Chainz) - Single	single	1
942	Aquarius	album	1
946	Shower	single	1
947	Kauai	album	1
948	Oxymoron (Deluxe)	album	3
949	EW!	single	1
950	Glen Campbell I'll Be Me Soundtrack	album	1
952	The Days / Nights	album	1
953	Believe Me	single	1
955	Errrbody	single	1
956	The Swon Brothers	album	1
959	747	album	1
961	Demi	album	4
962	U Guessed It - Single	single	NULL
963	I Promise I Will Never Stop Going In (Deluxe Edition)	album	1
964	Meanwhile Back At Mama's	single	1
966	Angel in Blue Jeans	single	1
967	Bend Ova	single	1
968	This Is All Yours	album	1
969	My Own Lane	album	1
971	Where It's At (Yep, Yep) [Originally Performed by Dustin Lynch] [Karaoke Version]	single	1
975	10,000 Towns	album	1
976	Five More Hours (Deorro x Chris Brown)	single	1
981	XSCAPE	album	2
982	Seen It All: The Autobiography	album	1
985	Good Kisser	single	1
986	Turn Down for What	single	1
987	Crickets	album	2
989	Delirious (Boneless)	single	1
990	I Will Never Let You Down	single	1
992	She Came to Give It to You - Tribute to Usher and Nicki Minaj	single	1
995	We Are Tonight	album	2
998	G I R L	album	1
999	Lunatic	album	1
1000	Lights Out	album	1
1003	A Town Called Paradise (Deluxe)	album	1
1004	Shakira.	album	1
1005	MKTO	album	1
1006	Bad Blood	album	2
1009	I'm Ready - EP	album	1
1010	Based on a True Story... (Deluxe Version)	album	4
1011	Paramore	album	2
1012	Let The Road	album	1
1014	Wild Life	single	1
1018	Trigga	album	1
1019	Or Nah (feat. The Weeknd, Wiz Khalifa and DJ Mustard) [Remix Version]	single	1
1020	Chasing the Sun	single	1
1022	Not a Bad Thing	single	1
1024	My Krazy Life (Deluxe)	album	1
1025	Pure Heroine	album	4
1026	Mandatory Fun	album	1
1027	Happy Little Pill	single	1
1028	Redneck Crazy	album	2
1030	Oh, What A Life	album	1
1031	Rise Of An Empire (Deluxe Edition)	album	1
1033	She Twerkin	single	1
1034	Frozen (Original Motion Picture Soundtrack / Deluxe Edition)	album	5
1035	Honest	album	4
1036	Love Is Everything	album	1
1037	Pioneer	album	3
1038	Global Warming: Meltdown (Deluxe Version)	album	2
1039	Hotel Cabana (Deluxe Version)	album	1
1040	Off The Beaten Path (Deluxe Edition)	album	1
1042	Calm Down (feat. Eminem) - Single	single	1
1043	Never Regret	album	2
1045	A.K.A. (Deluxe)	album	3
1046	Forget The World (Deluxe)	album	1
1047	True	album	3
1048	Paula	album	1
1050	Midnight Memories (Deluxe)	album	6
1052	Wild Wild Love	single	1
1055	Night Visions	album	3
1057	Sail Out	album	1
1058	human	single	1
1059	Night Visions (Deluxe)	album	1
1060	Ultraviolence (Deluxe)	album	3
1061	Hangover	single	1
1063	Empire	single	1
1064	Pop Psychology	album	1
1065	The Blessed Unrest	album	2
1066	Bottoms Up	single	1
1067	Show Me	single	1
1070	A Town Called Paradise	album	1
1072	Raging Fire	single	1
1073	Here's To The Good Times...This Is How We Roll	album	1
1076	The Secret	album	2
1079	XO	single	1
1081	Magna Carta... Holy Grail (Explicit Version)	album	6
1085	All the Little Lights	album	1
1087	Somebody That I Used To Know (The Voice Performance)	single	1
1088	The Complete Season 6 Collection	album	3
1089	Give Me Back My Hometown	single	1
1091	Stoner	single	1
1092	Can't Remember to Forget You	single	1
1094	The Marshall Mathers LP2 (Deluxe)	album	5
1095	The Marshall Mathers LP2	album	1
1096	High Noon	album	1
1097	More Than Just A Dream (Deluxe)	album	1
1098	Fever	single	1
1100	The Complete Season 6 Collection (The Voice Performance)	album	3
1101	The Journey (Livin' Hits)	album	1
1102	Lift Your Spirit	album	1
1103	Halcyon Days	album	2
1105	Animals	single	1
1108	Storyline	album	1
1111	#SELFIE	single	1
1114	Is There Anybody Out There?	album	1
1117	Paranoid (feat. B.o.B)	single	1
1120	19 You + Me	single	1
1122	The Big Bang	single	1
1124	Avril Lavigne	album	4
1125	Underground Luxury	album	1
1128	I Hold On	single	1
1130	AM	album	1
1133	Zion (Deluxe Edition)	album	1
1134	SoMo	album	1
1135	#willpower	album	2
1136	Slow Me Down	album	1
1137	My Krazy Life	album	1
1138	Night Train	album	5
1139	Lookin' For That Girl	single	1
1140	Bangerz (Deluxe Version)	album	4
1142	Blood, Sweat & 3 Years	album	1
1143	FÃ³rmula, Vol. 2 (Deluxe Edition)	album	2
1145	Up Down (Do This All Day)	single	1
1147	Beating Heart	single	1
1148	Unorthodox Jukebox	album	5
1149	Just Feels Good	album	2
1151	Wrecking Ball	single	1
1152	ARTPOP	album	5
1154	Nothing Was The Same (Deluxe)	album	13
1157	Compass	single	1
1158	Tribute	album	1
1159	Rebellious Soul	album	2
1160	I Thought I Was An Alien	album	1
1161	Blurred Lines (Deluxe)	album	2
1162	Megalithic Symphony Deluxe	album	1
1163	Mastermind (Deluxe)	album	2
1165	Mandela â€“ Long Walk To Freedom (Original Motion Picture Soundtrack)	album	1
1168	El Regreso del Sobreviviente (Deluxe Edition)	album	1
1169	Discrete Luxury	single	1
1171	Baptized (Deluxe Version)	album	1
1172	The 1975	album	1
1175	Through the Years: The Best of The Fray	album	2
1176	Here's To The Good Times	album	3
1177	The LegoÂ® Movie (Original Motion Picture Soundtrack)	album	1
1178	Danielle Bradbery	album	1
1179	Friday Night	single	1
1182	In A Tidal Wave Of Mystery (Deluxe Edition)	album	1
1183	I Love You.	album	1
1184	Whatever She's Got	single	1
1185	23	single	1
1188	18 Months	album	5
1189	Clarity (Deluxe)	album	1
1190	The Heist	album	3
1191	It Won't Stop (feat. Chris Brown)	single	1
1192	Achy Breaky 2 (feat. Billy Ray Cyrus) - Single	single	1
1193	Me. I Am Mariahâ€¦The Elusive Chanteuse (Deluxe)	album	1
1196	Journals	album	10
1198	Uncaged	album	4
1200	Up All Night	single	6
1201	Same Trailer Different Park	album	2
1202	good kid, m.A.A.d city	album	2
1206	We Were Us - Tribute to Keith Urban and Miranda Lambert	single	1
1208	True Believers	album	2
1212	Wasting All These Tears	single	1
1213	Drunk Last Night	single	1
1214	I Luv This Shit	single	1
1215	How I Feel	single	1
1216	Save Rock And Roll	album	3
1219	Zendaya	album	1
1220	Gas Pedal	album	1
1223	Road Between	album	1
1224	The 20/20 Experience - 2 of 2	album	2
1227	The Fox (What Does The Fox Say?)	single	1
1228	Work Bitch - Tribute to Britney Spears	single	1
1229	Britney Jean (Deluxe Version)	album	1
1230	Stay Trippy	album	2
1231	Hunter Hayes (Encore)	album	4
1232	Old School Love (feat. Ed Sheeran)	single	1
1234	HeadBand (feat. 2 Chainz)	single	1
1237	SEX AND LOVE	album	1
1239	Lolly	single	1
1240	Yeezus	album	4
1241	Paradise Valley	album	3
1242	The Complete Season 5 Collection (The Voice Performance)	album	4
1243	PTXmas (Deluxe Edition)	album	1
1244	Stars Dance	album	1
1246	Wrapped In Red	album	1
1247	Summertime Sadness [Lana Del Rey vs. Cedric Gervais] (Cedric Gervais Remix)	single	1
1248	Saturday	single	1
1251	Louder	album	1
1253	My Story	single	1
1254	Unapologetic (Deluxe)	album	6
1256	Yours Truly	album	5
1258	Hall Of Fame (Deluxe)	album	1
1259	Two Lanes Of Freedom (Accelerated Deluxe)	album	2
1260	Because The Internet	album	1
1262	Love and War	album	2
1266	The 20/20 Experience	album	3
1267	Plays the Music of Taylor Swift	album	1
1268	Remember Me (Deluxe Edition)	album	1
1269	Type Of Way	single	1
1270	At Last (The Voice Performance)	single	1
1274	A Day Without Rain	album	1
1278	Hallelujah (The Voice Performance)	single	1
1279	Christmas Kisses	album	1
1280	Rough Water (feat. Jason Mraz)	single	1
1281	Slippery When Wet (Remastered)	album	1
1284	Everything Has Changed (originally by Taylor Swift & Ed Sheeran)	single	1
1287	Soy el Mismo	album	1
1290	B'Day Deluxe Edition	album	1
1292	A Case Of You (The Voice Performance)	single	1
1293	Four The Record	album	5
1295	Hard 2 Love	album	4
1300	Clarity	album	1
1301	Born Sinner	album	1
1302	Get Lucky	single	1
1304	The Truth About Love	album	4
1306	Heartthrob	album	1
1308	Sweeter Than Fiction (originally by Taylor Swift)	single	1
1309	Cups (Pitch Perfectâ€™s â€œWhen Iâ€™m Goneâ€)	single	2
1310	Wait For A Minute	single	1
1311	Make A Move	album	1
1313	Better Together	album	1
1319	Overexposed (Deluxe)	album	4
1320	Cruise (Remix)	single	1
1322	Lightning Bolt	album	1
1323	The Quarterback	album	1
1328	Late Registration	album	1
1334	Point At You	single	1
1337	Fuse	album	1
1339	California 37	album	2
1340	The World From The Side Of The Moon (Deluxe)	album	1
1345	Young And Beautiful	single	1
1347	Feds Watching	single	1
1348	American Girl	single	1
1350	A LIGHT THAT NEVER COMES REMIX	album	1
1352	All Over The Road	album	2
1353	Smoke + Mirrors (Deluxe)	album	1
1355	Rubberband	album	1
1356	This Is What It Feels Like	single	1
1357	Tapout	single	1
1360	Atlas (From â€œThe Hunger Games: Catching Fireâ€ Soundtrack)	single	1
1361	Feels Like Home	album	1
1362	Blown Away	album	4
1363	Don't Drop That Thun Thun (In The Style of Finatticz) - Single	single	1
1364	Wop (Official Version) - Single	single	1
1365	Beneath Your Beautiful	album	1
1366	Bounce It - Tribute to Juicy J Wale & Trey Songz	single	1
1367	B.O.A.T.S. II #METIME (Deluxe)	album	1
1369	Excuse My French (Deluxe)	album	1
1370	Reflektor	album	1
1371	Vivir Mi Vida	single	1
1372	Come & Get It	single	1
1373	Thrift Shop (feat. Wanz)	single	1
1375	Ciara	album	2
1378	Golden	album	2
1379	Life On A Rock	album	2
1381	Versace (feat. Drake) [Remix] - Single	single	1
1382	I Am	album	1
1383	Oh Sweet Lorraine (feat. Jacob Colgan & Fred Stobaugh)	single	1
1384	Power Trip	single	1
1386	Kaleidoscope Dream	album	2
1387	Hail to the King	album	1
1390	Pulses	album	1
1391	No New Friends	single	1
1392	I Want Crazy	single	1
1393	Gift Of Gab 2 (Deluxe Edition)	album	1
1395	#Beautiful	single	1
1396	Helluva Night	single	1
1398	The Gifted	album	1
1399	Back 2 Life	album	1
1402	I Love It	single	1
1403	Too Weird To Live, Too Rare To Die!	album	2
1405	We Own The Night	single	1
1406	Tornado	album	3
1407	Side Effects of You	album	1
1409	The Lumineers	album	2
1410	Free the Universe (Extended Version)	album	1
1411	Babel (Deluxe Version)	album	5
1414	Nothing To Lose (Deluxe Version)	album	1
1419	I Am Not A Human Being II (Deluxe)	album	3
1420	Barefoot Blue Jean Night	album	4
1424	Nothing But the Beat 2.0	album	1
1425	Wheelhouse	album	3
1427	"Ooh La La (from ""The Smurfs 2"")"	single	1
1428	Greatest Hits - Chapter One	album	4
1430	Gentleman	single	1
1433	Two Lanes Of Freedom	album	1
1437	+	album	2
1444	Our Version of Events	album	1
1445	Halfway To Heaven (Deluxe Edition)	album	2
1447	Pink Friday: Roman Reloaded The Re-Up	album	2
1448	#willpower (Deluxe)	album	2
1449	Fast & Furious 6	album	1
1450	Get Wet	album	1
1451	We Still In This Bitch (feat. T.I.and Juicy J)	single	1
1452	Harlem Shake	single	1
1453	Trials & Tribulations	album	1
1454	Play Hard EP	album	1
1456	LONG.LIVE.A$AP (Deluxe Version)	album	2
1458	The Complete Season 4 Collection (The Voice Performance)	album	11
1468	Live It Up	single	1
1469	Chief	album	5
1470	From Here To Now To You	album	1
1473	Sad (The Voice Performance)	single	1
1475	Ready	single	1
1478	Suffering From Success	album	1
1481	Levitate (Remixes)	single	1
1484	Molly	single	1
1485	A Thousand Miles Left Behind	album	1
1486	Trap Lord	album	1
1487	Bad (feat. Tiara Thomas)	single	1
1488	Right Place Right Time (Deluxe)	album	2
1489	Wit Me (feat. Lil Wayne) - Single	single	1
1491	Fix Me Up	album	1
1492	DNA (Deluxe)	album	1
1493	Talk A Good Game (Deluxe Edition)	album	1
1495	Sure Be Cool If You Did	single	1
1497	Music From Baz Luhrmann's Film The Great Gatsby (Deluxe Edition)	album	1
1500	Give It All We Got Tonight	single	1
1501	Some Nights (Spotify Exclusive)	album	3
1504	I Am Beautiful	single	1
1508	Food & Liquor II: The Great American Rap Album Pt. 1	album	3
1509	Tonight Iâ€™m Getting Over You (Remix)	single	1
1510	R.I.P.	single	1
1511	Fuckin' Problems (Party Tribute to A$Ap Rocky, Drake, 2 Chainz & Kendrick Lamar)	single	1
1512	Don't You Worry Child (feat. John Martin)	single	1
1513	Babel	album	2
1514	I Hit It First - Single	single	1
1515	Ready (In The Style Of Fabolous feat. Chris Brown) - Single	single	1
1516	Sexy People (The Fiat Song)	single	1
1517	Memories Back Then (Originally Performed by Hustle Gang & T.I., B.O.B., Kendrick Lamar & Kris Stephens) [Karaoke Version]	single	1
1518	Excuse My French	album	2
1520	Neon	album	3
1521	Don't Be S.A.F.E.	album	1
1523	Believe (Deluxe Edition)	album	4
1524	Show Out (Originally Performed by Juicy J & Big Sean & Young Jeezy) [Karaoke Version]	single	1
1525	My Head Is An Animal	album	1
1528	Pluto 3D	album	3
1532	So Far	album	1
1533	Changed	album	2
1536	The 2nd Law	album	1
1537	good kid, m.A.A.d city (Deluxe)	album	1
1539	Gangnam Style (ê°•ë‚¨ìŠ¤íƒ€ì¼)	single	1
1541	Pom Poms	single	1
1543	Warrior (Deluxe Version)	album	2
1544	Jana Kramer	album	2
1545	One Way or Another (Teenage Kicks)	single	1
1546	Girl On Fire	album	1
1547	Home	single	5
1548	Based On A T.R.U. Story (Deluxe)	album	3
1551	Dope	single	1
1556	Who Booty (In the Style of Jonn Hart Feat. Iamsu) [Karaoke Version]	single	1
1561	#3	album	1
1562	Better Dig Two	single	1
1563	Trilogy	album	1
1564	Hey Porsche	single	1
1565	Fortune (Deluxe Version)	album	5
1566	Quality Street Music	album	1
1567	Gold	album	1
1569	Finally Rich (Deluxe)	album	1
1570	Spring Break...Here To Party	album	1
1574	O.N.I.F.C. (Deluxe)	album	3
1575	As Your Friend	single	1
1576	Skyfall	single	1
1577	Swimming Pools (Drank)	single	1
1578	Global Warming (Deluxe Version)	album	2
1579	Trouble Man: Heavy is the Head	album	1
1580	To Be Loved	album	1
1581	Pink Friday ... Roman Reloaded (Deluxe)	album	5
1582	Guap	single	1
1585	Boys & Girls	album	1
1586	Anything Could Happen	single	1
1588	Making Mirrors	album	2
1589	Wild Ones	album	2
1590	Every Storm (Runs Out Of Rain)	single	1
1591	Begin Again â€“ Beatcrushing To Taylor Swift	single	1
1594	She Don't Put It Down (feat. Lil Wayne, Tank)	single	1
1595	Casey James	album	1
1597	R.E.D. (Deluxe Edition)	album	1
1598	Believe Acoustic	album	2
1599	Back In The Saddle	album	2
1600	Clique	single	1
1601	Call Me Maybe	single	1
1602	No Worries	single	1
1603	The Wack Album	album	1
1604	Gossamer	album	1
1610	The Lateness Of The Hour	album	1
1612	Rest Of My Life	single	1
1613	Bad Ass	single	1
1614	Outlaws Like Me	album	2
1615	Celebration	single	1
1617	channel ORANGE	album	1
1618	Lights	album	1
1621	God Forgives, I Don't (Deluxe Edition)	album	1
1622	Almeria (Deluxe)	album	1
1624	Acoustic Tribute to Taylor Swift	album	1
1625	Les MisÃ©rables: The Motion Picture Soundtrack Deluxe (Deluxe Edition)	album	2
1626	Hello My Name Is...	album	1
1630	Tailgates & Tanlines	album	4
1632	Welcome To The Fishbowl	album	3
1633	Dreams and Nightmares (Deluxe Version)	album	2
1634	Did It For The Girl	single	1
1636	ICE	single	1
1637	Sticks & Stones	album	2
1638	Indicud	album	1
1641	My Moment (feat. 2 Chainz, Meek Mill and Jeremih)	single	1
1643	The Complete Season 3 Collection (The Voice Performance)	album	6
1647	Representin	single	1
1650	4	album	7
1651	My Life	single	1
1652	Finally Found You	single	1
1653	Picture Show (Deluxe Edition)	album	1
1654	The Midsummer Station	album	1
1660	Whistle	single	1
1664	Too Close (The Voice Performance)	single	1
1666	The Twilight Saga: Breaking Dawn - Part 2 (Original Motion Picture Soundtrack)	album	1
1668	Nothing But The Beat	album	7
1669	Lotus (Deluxe Version)	album	2
1670	Seven Nation Army (The Voice Performance)	single	1
1672	Word Of Mouth	album	1
1673	The Lion The Beast The Beat (Deluxe Edition)	album	1
1674	Stars (The Voice Performance)	single	1
1676	Overexposed	album	1
1677	Katy Perry - Teenage Dream: The Complete Confection	album	6
1678	Chapter V (Deluxe)	album	2
1680	Put It Down	single	1
1683	Mercy	single	1
1684	Unbroken	album	4
1686	I Won't Give Up	single	1
1687	No Lie	single	1
1688	Looking 4 Myself (Deluxe Version)	album	4
1689	Red: A Tribute to Taylor Swift	album	1
1691	All Too Well (Originally Performed By Taylor Swift)	single	1
1692	Hushabye Baby: Lullaby Renditions of Taylor Swift	album	1
1693	Fade Into You	single	1
1695	Taylor Swift Piano Tribute, Vol. 3	album	1
1697	Truck Yeah	single	1
1698	North (Deluxe)	album	1
1702	Dustin Lynch	album	1
1703	Talk That Talk	album	5
1704	Free The Music	album	1
1706	Just What I Am	single	1
1707	Red River Blue (Deluxe)	album	4
1712	Glee: The Music, Season 4 Volume 1	album	2
1715	Heart Attack	single	1
1718	Love and Theft	album	1
1719	Stronger (Deluxe Version)	album	4
1720	Woman To Woman (Deluxe)	album	1
1721	I Don't Like	single	1
1722	Think Like A Man - Music From & Inspired By The Film	album	2
1723	Act of Valor	album	1
1724	Kanye West Presents Good Music Cruel Summer	album	1
1725	Glad You Came	single	1
1727	LIVING THINGS	album	2
1728	Kiss (Deluxe)	album	2
1730	Bag Of Money (feat. Rick Ross, Meek Mill & T-Pain)	single	1
1732	Cole World: The Sideline Story	album	3
1733	Ronan (Originally By Taylor Swift) [Karaoke / Instrumental] - Single	single	1
1734	Drive By	single	1
1735	Punching Bag	album	1
1739	Hillbilly Jedi	album	1
1741	Â¡UNO!	album	1
1744	Never Trust A Happy Song	album	1
1745	Push And Shove (Deluxe)	album	1
1746	Strange Clouds	album	3
1748	The Wanted (Special Edition)	album	1
1749	Welcome Reality	album	1
1750	Snap Backs & Tattoos	single	1
1752	The Band Perry	album	4
1754	Own The Night	album	4
1755	We Run The Night	single	1
1756	Cashin' Out	single	1
1757	The Papercut Chronicles II	album	3
1758	welcome to: OUR HOUSE (Deluxe)	album	1
1759	I Wish You Would	single	1
1760	[Kissed You] Good Night	single	1
1761	Take It To The Head	single	1
1762	"Back in Time (featured in ""Men In Black 3"")"	single	1
1767	Thompson Square	album	2
1769	Believe	album	1
1771	Gold On The Ceiling	single	1
1774	New Day	single	1
1775	Dance Again...The Hits	compilatio	1
1776	Take Care (Deluxe)	album	7
1778	Life At Best	album	2
1780	TM:103 Hustlerz Ambition (Deluxe)	album	3
1781	Clancy's Tavern (Deluxe Edition)	album	2
1782	Battle Born (Deluxe Edition)	album	1
1783	New God Flow	single	1
1784	Go Get It	single	1
1786	Bangarang EP	album	2
1787	How We Do (Party)	single	1
1788	Hurry Up, We're Dreaming	album	1
1789	Away From The World (Deluxe Version)	album	1
1791	The Motto (Explicit Version)	single	1
1795	Drank In My Cup	single	1
1797	Sorry For Party Rocking	album	2
1801	My Kinda Party	album	4
1802	Basketball Wives (Salutes)	album	1
1803	Ayy Ladies (Explicit Version)	single	1
1810	21	album	4
1811	Greatest Hits So Far...	album	1
1813	Na Balada (Ao Vivo)	album	1
1816	Sorry For Party Rocking (Deluxe Version)	album	1
1817	The Hunger Games: Songs From District 12 And Beyond	album	3
1818	Good Feeling	single	1
1819	Triple F Life: Friends, Fans & Family (Deluxe Version)	album	2
1820	Die In Your Arms	single	1
1821	Born and Raised	album	1
1822	Andy Grammer	album	2
1823	Pluto	album	1
1824	Banjo	single	1
1826	Emotional Traffic	album	1
1828	I'm All Yours	single	1
1830	Hands All Over	album	1
1832	Undefeated	single	1
1835	LMTFT: Loving My Top Forty Tributes	album	1
1836	Young, Wild & Free (feat. Bruno Mars)	single	1
1837	Mylo Xyloto	album	4
1841	This Ole Boy	single	1
1842	Careless World: Rise Of The Last King	album	2
1843	99 Problems (The Voice Performance)	single	1
1844	Turn To You (Mother's Day Dedication)	single	1
1845	Yesterday (The Voice Performance)	single	1
1847	I Believe I Can Fly (The Voice Performance)	single	1
1848	The Prayer (The Voice Performance)	single	1
1849	Another Round (feat. Chris Brown) - Single	single	1
1851	Itâ€™s A Manâ€™s, Manâ€™s, Manâ€™s World (The Voice Performance)	single	1
1852	Shake It Out (Glee Cast Version)	single	1
1854	Scary Monsters and Nice Sprites EP	album	1
1855	Who You Are (Platinum Edition)	album	2
1856	Planet Pit (Deluxe Version)	album	5
1857	How Will I Know (Glee Cast Version)	single	1
1858	Real Housewives Dance Party	album	1
1859	Stay Schemin	single	1
1860	Loud	single	5
1861	It's Not Right But It's Okay (Glee Cast Version)	single	1
1864	Somebody That I Used To Know (Glee Cast Version)	single	1
1865	Way Too Cold (Kanye West feat. DJ Khaled Instrumental Tribute)	single	1
1869	Niggas In Paris (Remade Instrumental Originally Recorded By Jay-Z & Kanye West) - Single	single	1
1870	A Thousand Years	single	1
1871	It Will Rain	single	1
1873	Roxanne (The Voice Performance)	single	1
1874	Inevitable	album	1
1875	Country, God Or The Girl	album	1
1876	Rebels On The Run	album	1
1877	Tha Carter IV (Deluxe)	album	9
1878	Hungry Like The Wolf / Rio (Glee Cast Version)	single	1
1879	Get Closer (Deluxe Version)	album	3
1880	Sweeter	album	1
1881	Tonight Is The Night	single	1
1882	Love This Life	single	1
1885	Amaryllis	album	1
1886	Top R&B Songs - Volume I	album	1
1891	Levels	single	1
1892	Tomahawk Technique	album	1
1893	Unexpected Arrival	album	1
1894	Here For A Good Time	album	2
1895	MDNA (Deluxe Version)	album	1
1897	My Life II...The Journey Continues (Act 1) [Deluxe Version]	album	1
1898	The Night The Sun Came Up	album	2
1899	Naptracks Volume 1 - Instrumental Lullaby Versions of Taylor Swift	album	3
1905	Lonely Boy	single	1
1906	Hemingway's Whiskey	album	3
1907	"TTYLXOX (From ""Shake It Up: Live 2 Dance"")"	single	1
1909	Dance (A$$) Remix	single	1
1910	Ceremonials (Deluxe Edition)	album	2
1911	Watch The Throne (Deluxe)	album	4
1912	Hell Is What You Make It	album	1
1913	Torches	album	2
1914	When The Sun Goes Down	album	2
1916	Ambition	album	4
1918	Clear As Day	album	2
1919	Young the Giant (Special Edition)	album	2
1924	Rolling Papers	album	4
1925	Swag R Us, Vol. 8	album	1
1926	All Of Me	album	1
1927	The Bodyguard - Original Soundtrack Album	album	1
1930	Fly / I Believe I Can Fly (Glee Cast Version)	single	1
1931	Cough Syrup (Glee Cast Version)	single	1
1932	What Doesn't Kill You (Stronger) (Glee Cast Version)	single	1
1933	Here's To Us (Glee Cast Version)	single	1
1935	Glad You Came (Glee Cast Version)	single	1
1936	Whitney	album	1
1937	Whitney Houston	album	2
1938	Whatever	album	2
1941	Doo-Wops & Hooligans	album	4
1943	I'm Gonna Love You Through It	single	1
1944	Ima Boss (Remix Version [feat. T.I., Birdman, Lil' Wayne, DJ Khaled, Rick Ross & Swizz Beatz])	single	1
1945	Stupid Hoe	single	1
1946	I Will Always Love You (Glee Cast Version)	single	1
1947	Stereo Hearts (Glee Cast Version)	single	1
1949	Raise Your Weapon	single	1
1952	You Get What You Give (Deluxe)	album	3
1953	Say Aah (The Voice Performance)	single	1
1954	Sexy And I Know It (Glee Cast Version featuring Ricky Martin)	single	1
1955	5 O'Clock	single	1
1957	You The Boss	single	1
1958	Smooth Criminal (Glee Cast Version) [feat. 2CELLOS (Sulic & Hauser)]	single	1
1959	Round Of Applause (feat. Drake)	single	1
1960	La Isla Bonita (Glee Cast Version featuring Ricky Martin)	single	1
1962	Brighter Than The Sun	single	1
1965	Human Nature (Glee Cast Version)	single	1
1966	Black or White (Glee Cast Version)	single	1
1967	Wanna Be Startin' Somethin' (Glee Cast Version)	single	1
1968	Bad (Glee Cast Version)	single	1
1969	T.H.E (The Hardest Ever)	single	2
1975	Night Shades	album	1
1977	Let It Rain	single	1
1979	Born This Way	album	4
1981	This Is Country Music	album	2
1982	Without You (Glee Cast Version)	single	1
1983	Pink Friday (Deluxe)	album	4
1985	We Found Love (Glee Cast Version)	single	1
1986	Moves Like Jagger / Jumpin' Jack Flash (Glee Cast Version)	single	1
1987	The First Time Ever I Saw Your Face (Glee Cast Version)	single	1
1988	Edens Edge	album	1
1989	Glee: The Music presents Glease	album	1
1990	A Different Kind Of Truth	album	1
1991	Greatest Hits	album	1
1992	Born To Die - The Paradise Edition	album	1
1993	The Champ	single	1
1994	Blue Slide Park	album	3
1995	Goodbye Lullaby (Deluxe Edition)	album	1
1996	Here And Now	album	2
1997	Lace Up (Deluxe)	album	1
1998	Break The Spell (Deluxe Version)	album	1
1999	Future History (Deluxe Version)	album	3
2000	She Will	single	1
2002	Set You Free	single	1
2004	Play The Guitar (feat. AndrÃ© 3000)	single	1
2006	Nothing Like This	album	2
2007	Under The Mistletoe (Deluxe Edition)	album	4
2010	Donald Trump - Single	single	1
2011	Wobble Baby	single	1
2012	More Monsters and Sprites EP	album	1
2013	J.U.I.C.E. EP	album	1
2014	Trespassing (Deluxe Version)	album	1
2016	Science & Faith	album	2
2017	Knock Knock - Single	single	1
2019	Glee: The Music, The Graduation Album	album	1
2020	Sleazy REMIX 2.0 Get Sleazier	single	1
2023	rEVOLVEr (Deluxe Version)	album	1
2024	Glee: The Music, The Christmas Album Volume 2	album	1
2026	FÃ³rmula Vol. 1 (Deluxe Edition)	album	2
2027	Christmas	album	2
2028	Survivor / I Will Survive (Glee Cast Version)	single	1
2029	Glee: The Music, Volume 7	album	12
2030	Roman In Moscow	single	1
2033	Red Solo Cup (Glee Cast Version)	single	1
2035	Body 2 Body	single	1
2036	Perfect (Glee Cast Version)	single	1
2038	I Kissed A Girl (Glee Cast Version)	single	1
2039	Finally Famous (Deluxe)	album	3
2041	I'm The Only One (Glee Cast Version)	single	1
2044	I Like How It Feels	single	1
2048	Waking Up	album	1
2050	Saxobeats	album	1
2051	Judge Jerrod & The Hung Jury	album	1
2055	Charleston, SC 1966	album	1
2056	Drama Y Luz EdiciÃ³n Deluxe (St Version)	album	1
2058	Country Must Be Country Wide	single	1
2059	If This Was a Movie (Taylor Swift Tribute) [Karaoke]	single	1
2060	Hate Sleeping Alone (Drake Tribute) [Karaoke]	single	1
2061	You And I / You And I (Glee Cast Version)	single	1
2062	I Can't Go For That / You Make My Dreams (Glee Cast Version)	single	1
2063	Femme Fatale (Deluxe Version)	album	3
2064	Hit Me With Your Best Shot / One Way Or Another (Glee Cast Version)	single	1
2066	Footloose	single	1
2069	Tribute to Taylor Swift	album	1
2070	Hell: The Sequel (Deluxe)	album	1
2071	Modern Love	album	2
2074	Come Home	single	1
2075	Ronnie Dunn	album	2
2076	Wet the Bed (Originally By Chris Brown Feat. Ludacris) [Instrumental]	single	1
2078	I'm With You	album	1
2079	Tyler Swift EP Vol.1 (tribute to Taylor Swift)	single	1
2081	How To Love	single	1
2084	Take A Back Road	album	1
2086	Too Cool To Care	album	2
2088	#1 Girl	album	1
2090	Sweat	single	1
2092	Take Over Control (feat. Eva Simons)	single	1
2093	Fire & Ice	album	1
2094	King Of Hearts	album	1
2096	We The Best Forever	album	1
2098	Made In America	single	1
2100	Got 2 Luv U (feat. Alexis Jordan)	single	1
2103	All I Want Is You	album	2
2106	Just Fishin'	single	1
2107	A.N.T. Farm	album	1
2108	Still Got It	single	1
2110	Evanescence	album	2
2115	TY.O (International Version)	album	1
2116	I'm Flexin' (feat. Big K.R.I.T.)	single	1
2119	Pretty Girls (feat. Travie McCoy)	single	1
2120	Best Of	album	1
2122	Motivation	single	1
2123	Glee: The Music presents The Warblers	album	1
2125	Neighborhoods (Deluxe Explicit Version)	album	2
2127	Craig Campbell	album	1
2128	Somethin 'Bout Kreay	album	1
2129	Wasting Light	album	2
2130	Far Away	single	1
2134	Y.U. MAD	single	1
2136	We Got The Beat (Glee Cast Version)	single	1
2137	Enjoy Yourself	album	1
2139	F.A.M.E.	album	3
2140	The Beginning	album	2
2141	Let Them Talk	album	1
2143	Lasers	album	2
2145	Duets II	album	1
2146	On The Floor	single	1
2147	The Night I Forgot Your Name	album	1
2149	Hell On Heels	album	1
2159	Save Me, San Francisco (Golden Gate Edition)	album	1
2163	LOVE?	album	1
2166	Hands All Over (Deluxe)	album	1
2168	Booty Wurk (One Cheek At a Time)	single	1
2170	lovestrong.	album	1
2171	Disc-Overy	album	2
2172	The R.E.D. Album	album	1
2177	Don't Hold Your Breath	single	1
2180	Goodbye Lullaby	album	2
2187	We Don't Get Down Like Y'all (feat. B.o.B)	single	1
2188	Passion, Pain & Pleasure	album	2
2189	Look At Me Now	single	1
2191	Best Love Song	single	1
2192	Right There	single	1
2193	If Heaven Wasn't So Far Away	single	1
2194	American Capitalist	album	1
2195	Young Love (Deluxe Edition)	album	1
2197	Oh My (feat. Fabolous, Roscoe Dash & Wiz Khalifa)	single	1
2201	Dirty Dancer - (Originally By Enrique Iglesias With Usher Feat. Lil Wayne) [Instrumental]	single	1
2202	Novacane	single	1
2203	Hello Fear	album	1
2205	Fuck You (Forget You) [In the Style of Cee Lo Green] [Karaoke Version]	single	1
2207	Piano Dreamers Cover Drake	album	1
2208	Outlaw	single	1
2209	Racks	single	1
2212	Hustle Hard Remix	single	1
2213	Late Nights & Early Mornings	album	1
2214	Cannibal	album	1
2218	All Of You	album	2
2219	Shake It Up: Break It Down	album	1
2220	Holding Onto Strings Better Left To Fray	album	1
2224	A Thousand Suns	album	1
2226	Haywire	album	1
2227	Stitch By Stitch (The Voice Performance)	single	1
2228	Meet The Orphans	album	2
2229	Inventing Shadows (The Voice Performance)	single	1
2230	Man In The Mirror (The Voice Performance)	single	1
2231	I Won't Back Down (The Voice Performance)	single	1
2234	Beautiful (The Voice Performance)	single	1
2235	Afraid To Sleep (The Voice Performance)	single	1
2236	Heartless (The Voice Performance)	single	1
2238	Losing My Religion (The Voice Performance)	single	1
2239	Every Teardrop Is A Waterfall EP	single	1
2243	Fix You (The Voice Performance)	single	1
2244	All About You	album	1
2245	Born This Way (Special Edition)	album	2
2246	Dog Days Are Over (The Voice Performance)	single	1
2247	Victorious: Music From The Hit TV Show	album	1
2248	Revolution	album	1
2249	The Man Who Canâ€™t Be Moved (The Voice Performance)	single	1
2251	The Light Of The Sun	album	1
2252	Dirt Road Anthem (Re-Mix) (Party Tribute to Jason Aldean & Ludacris)	single	1
2254	My Beautiful Dark Twisted Fantasy	album	1
2256	Angel (The Voice Performance)	single	1
2257	Today Is Your Day	single	1
2258	Jolene (The Voice Performance)	single	1
2259	I Need A Doctor	single	1
2260	Black Horse And The Cherry Tree (The Voice Performance)	single	1
2261	Sigh No More	album	1
2262	Fastlife	album	1
2263	Price Tag (The Voice Performance)	single	1
2267	Bullets In The Gun (Deluxe Package)	album	1
2269	Bow Chicka Wow Wow ft. Lil Wayne	single	1
2273	Eleven	album	1
2275	Wildflower	album	1
2279	Cat Daddy - Single	single	1
2280	Danger Days: The True Lives Of The Fabulous Killjoys	album	1
2281	(It) Feels So Good	single	1
2282	Glee: The Music, Volume 6	album	6
2284	For Good (Glee Cast Version)	single	1
2285	Rise Above 1	single	1
2287	I Love New York / New York, New York (Glee Cast Version)	single	1
2295	Stronger	album	1
4097	This Is Acting (Deluxe Version)	album	NULL
4098	Love on the Weekend	single	1
4099	Redbone	single	1
4101	Glory (Deluxe Version)	album	1
4102	Play That Song	single	1
4103	Infinite	single	1
4104	Versace On The Floor	single	1
4105	Various Positions	album	1
4106	Me and Your Mama	single	1
4107	We got it from Here... Thank You 4 Your service	album	1
4108	Collage EP	album	NULL
4109	Call On Me (Remixes)	album	1
